{
  "name": "mha_shuffled_rope",
  "train": {
    "final_val_loss": 8.0145641040802,
    "best_val_loss": 8.012384338378906,
    "total_time": 7768.952463150024,
    "output_dir": "results/mha_shuffled_rope"
  },
  "analysis": {
    "entropy": [
      [
        4.995630741119385,
        5.229174613952637,
        5.18422794342041,
        4.947524070739746,
        5.32871150970459,
        5.17200231552124,
        5.338879108428955,
        5.0382280349731445
      ],
      [
        3.737581729888916,
        4.709367752075195,
        4.159300804138184,
        3.075467586517334,
        4.86185884475708,
        4.02739143371582,
        4.762189865112305,
        4.115888595581055
      ],
      [
        2.868319272994995,
        3.8438751697540283,
        4.137707233428955,
        3.726475477218628,
        4.169064044952393,
        4.903365135192871,
        3.1083884239196777,
        4.266972541809082
      ],
      [
        4.903904438018799,
        4.386819839477539,
        4.864480018615723,
        4.5930047035217285,
        4.692685127258301,
        4.970742702484131,
        4.899317264556885,
        5.200801849365234
      ],
      [
        4.528631687164307,
        5.324012756347656,
        4.374917507171631,
        5.005547523498535,
        4.117549419403076,
        4.755614280700684,
        5.038122653961182,
        5.371209144592285
      ],
      [
        3.9202542304992676,
        4.345101356506348,
        4.71273136138916,
        4.958078861236572,
        4.352677345275879,
        3.686560869216919,
        4.429516792297363,
        4.453060626983643
      ],
      [
        4.045083045959473,
        3.8652777671813965,
        4.9657883644104,
        4.127543926239014,
        3.7905433177948,
        3.879723310470581,
        4.4549360275268555,
        4.730988502502441
      ],
      [
        3.6450889110565186,
        4.012953281402588,
        4.531205177307129,
        4.1098856925964355,
        4.672096252441406,
        3.518064022064209,
        3.799198865890503,
        3.7448532581329346
      ]
    ],
    "within_ratio": [
      [
        0.5745347142219543,
        0.5263099670410156,
        0.5406743288040161,
        0.5850356221199036,
        0.4843378961086273,
        0.5308474898338318,
        0.46921005845069885,
        0.5666484832763672
      ],
      [
        0.9215275049209595,
        0.30543532967567444,
        0.904837429523468,
        0.9712762832641602,
        0.37281036376953125,
        0.9114997982978821,
        0.29844850301742554,
        0.8915740251541138
      ],
      [
        0.9494552612304688,
        0.7816247344017029,
        0.5363366007804871,
        0.8543974757194519,
        0.7868883013725281,
        0.3963503837585449,
        0.9379684329032898,
        0.7410807609558105
      ],
      [
        0.7584626078605652,
        0.849858283996582,
        0.42274221777915955,
        0.7980024814605713,
        0.30630165338516235,
        0.6366242170333862,
        0.7138838768005371,
        0.46563100814819336
      ],
      [
        0.8358343839645386,
        0.6084538698196411,
        0.8601522445678711,
        0.6519413590431213,
        0.9047725796699524,
        0.751584529876709,
        0.5721464157104492,
        0.5283942222595215
      ],
      [
        0.9061717987060547,
        0.7960290908813477,
        0.632492184638977,
        0.6943294405937195,
        0.8699249029159546,
        0.9401484727859497,
        0.8542417287826538,
        0.8581806421279907
      ],
      [
        0.8511684536933899,
        0.905190110206604,
        0.625319242477417,
        0.8034135699272156,
        0.913987934589386,
        0.9333637356758118,
        0.7618721723556519,
        0.468844473361969
      ],
      [
        0.8849653005599976,
        0.7862693071365356,
        0.703220009803772,
        0.8081851005554199,
        0.5738861560821533,
        0.9311087727546692,
        0.8954887390136719,
        0.8441659808158875
      ]
    ],
    "cross_ratio": [
      [
        0.42546528577804565,
        0.4736900329589844,
        0.4593257009983063,
        0.41496437788009644,
        0.5156620740890503,
        0.46915245056152344,
        0.5307899713516235,
        0.43335145711898804
      ],
      [
        0.07847245037555695,
        0.694564700126648,
        0.09516263008117676,
        0.02872377075254917,
        0.6271896362304688,
        0.08850018680095673,
        0.7015513777732849,
        0.108426034450531
      ],
      [
        0.050544656813144684,
        0.21837525069713593,
        0.46366333961486816,
        0.14560255408287048,
        0.21311166882514954,
        0.6036495566368103,
        0.06203153729438782,
        0.25891929864883423
      ],
      [
        0.24153737723827362,
        0.15014173090457916,
        0.5772577524185181,
        0.20199748873710632,
        0.6936983466148376,
        0.36337578296661377,
        0.2861160933971405,
        0.5343690514564514
      ],
      [
        0.16416561603546143,
        0.3915461301803589,
        0.1398477554321289,
        0.34805864095687866,
        0.09522747248411179,
        0.24841547012329102,
        0.427853524684906,
        0.4716057777404785
      ],
      [
        0.09382820129394531,
        0.20397086441516876,
        0.36750781536102295,
        0.3056705892086029,
        0.13007506728172302,
        0.05985153838992119,
        0.14575815200805664,
        0.14181941747665405
      ],
      [
        0.14883151650428772,
        0.09480996429920197,
        0.374680757522583,
        0.19658643007278442,
        0.08601208031177521,
        0.06663621962070465,
        0.23812779784202576,
        0.5311555862426758
      ],
      [
        0.11503467708826065,
        0.21373073756694794,
        0.29677996039390564,
        0.19181495904922485,
        0.4261138439178467,
        0.06889120489358902,
        0.10451122373342514,
        0.15583407878875732
      ]
    ],