{
  "name": "gqa_shuffled_rope",
  "train": {
    "final_val_loss": 7.983506488800049,
    "best_val_loss": 7.982516927719116,
    "total_time": 6969.645859003067,
    "output_dir": "results/gqa_shuffled_rope"
  },
  "analysis": {
    "entropy": [
      [
        5.239367485046387,
        5.186739921569824,
        5.2128005027771,
        5.291712284088135,
        5.055296897888184,
        5.22078800201416,
        5.039651393890381,
        4.750941753387451
      ],
      [
        4.468905448913574,
        4.336541175842285,
        4.861138343811035,
        4.626079559326172,
        3.5948729515075684,
        3.6543548107147217,
        4.555075645446777,
        4.783163547515869
      ],
      [
        3.2322452068328857,
        4.08071756362915,
        3.4078171253204346,
        3.672447919845581,
        4.050394535064697,
        3.6863155364990234,
        3.658203601837158,
        3.922196865081787
      ],
      [
        5.113648891448975,
        5.146296501159668,
        4.891350269317627,
        4.667738914489746,
        4.634366989135742,
        4.827996253967285,
        4.6304931640625,
        4.648186683654785
      ],
      [
        4.7591047286987305,
        4.905797004699707,
        5.158001899719238,
        5.135819435119629,
        4.382353782653809,
        4.175606727600098,
        5.249054908752441,
        5.283761024475098
      ],
      [
        3.7255313396453857,
        3.923402786254883,
        4.827747821807861,
        4.771082401275635,
        4.411018371582031,
        4.442097187042236,
        4.89875602722168,
        4.970859050750732
      ],
      [
        3.8510475158691406,
        4.0450921058654785,
        3.8121559619903564,
        3.80297589302063,
        4.735008239746094,
        4.748284339904785,
        4.567774295806885,
        4.555295467376709
      ],
      [
        4.3402228355407715,
        4.184027671813965,
        4.108290672302246,
        3.971074342727661,
        3.7837042808532715,
        3.7168006896972656,
        4.48836612701416,
        4.311745643615723
      ]
    ],
    "within_ratio": [
      [
        0.48219066858291626,
        0.5212757587432861,
        0.5211324095726013,
        0.45452389121055603,
        0.5562523603439331,
        0.5154680013656616,
        0.5791609883308411,
        0.6568444967269897
      ],
      [
        0.8986339569091797,
        0.9119156002998352,
        0.24753673374652863,
        0.2267691195011139,
        0.9555465579032898,
        0.9530149698257446,
        0.8629879951477051,
        0.8411272168159485
      ],
      [
        0.9170999526977539,
        0.550748348236084,
        0.8872774839401245,
        0.8514397740364075,
        0.8209327459335327,
        0.8614314198493958,
        0.7967492341995239,
        0.8575446009635925
      ],
      [
        0.5038773417472839,
        0.3795836567878723,
        0.6833516359329224,
        0.5144466161727905,
        0.6622099876403809,
        0.4455643594264984,
        0.7658846974372864,
        0.786697506904602
      ],
      [
        0.7991716861724854,
        0.7473886013031006,
        0.4404216408729553,
        0.6295080780982971,
        0.8274661898612976,
        0.8710755109786987,
        0.48582014441490173,
        0.5236459374427795
      ],
      [
        0.9293767809867859,
        0.9217941164970398,
        0.6357191205024719,
        0.6346781253814697,
        0.7902328968048096,
        0.8173623085021973,
        0.5633150339126587,
        0.5376144647598267
      ],
      [
        0.8826974034309387,
        0.8720375895500183,
        0.91057288646698,
        0.9045736193656921,
        0.6840107440948486,
        0.7071465253829956,
        0.7572836875915527,
        0.6085194945335388
      ],
      [
        0.789572536945343,
        0.8268726468086243,
        0.9621027112007141,
        0.9775776863098145,
        0.8766958117485046,
        0.9136248826980591,
        0.6565226912498474,
        0.8332980871200562
      ]
    ],
    "cross_ratio": [
      [
        0.517809271812439,
        0.47872424125671387,
        0.4788675904273987,
        0.5454760789871216,
        0.4437476098537445,
        0.484531968832016,
        0.42083901166915894,
        0.34315553307533264
      ],
      [
        0.10136599838733673,
        0.08808443695306778,
        0.7524632215499878,
        0.7732309103012085,
        0.04445340484380722,
        0.046984922140836716,
        0.13701198995113373,
        0.15887285768985748
      ],
      [
        0.0829000398516655,
        0.4492517411708832,
        0.11272253841161728,
        0.14856024086475372,
        0.17906728386878967,
        0.13856860995292664,
        0.20325081050395966,
        0.14245541393756866
      ],
      [
        0.49612265825271606,
        0.6204162836074829,
        0.3166484236717224,
        0.4855533540248871,
        0.33779001235961914,
        0.5544356107711792,
        0.23411531746387482,
        0.21330256760120392
      ],
      [
        0.20082834362983704,
        0.2526114583015442,
        0.5595783591270447,
        0.3704919219017029,
        0.17253378033638,
        0.12892445921897888,
        0.5141798257827759,
        0.47635406255722046
      ],
      [
        0.07062317430973053,
        0.07820586115121841,
        0.36428093910217285,
        0.36532190442085266,
        0.20976710319519043,
        0.18263764679431915,
        0.4366849362850189,
        0.46238550543785095
      ],
      [
        0.11730258166790009,
        0.12796242535114288,
        0.08942705392837524,
        0.09542642533779144,
        0.315989226102829,
        0.2928535044193268,
        0.24271635711193085,
        0.3914805054664612
      ],
      [
        0.21042747795581818,
        0.17312732338905334,
        0.037897296249866486,
        0.022422228008508682,
        0.12330412864685059,
        0.08637507259845734,
        0.3434773087501526,
        0.16670186817646027
      ]
    ],