{
  "name": "mha_topic_ordered_rope",
  "train": {
    "final_val_loss": 8.032346839904784,
    "best_val_loss": 8.03291151046753,
    "total_time": 7762.659608602524,
    "output_dir": "results/mha_topic_ordered_rope"
  },
  "analysis": {
    "entropy": [
      [
        5.3361334800720215,
        4.91966438293457,
        5.170535087585449,
        5.085112571716309,
        5.3117265701293945,
        5.209764003753662,
        5.410938262939453,
        5.388987064361572
      ],
      [
        4.736027717590332,
        4.381028175354004,
        4.126948356628418,
        4.566006660461426,
        4.17764949798584,
        4.418680191040039,
        3.804497241973877,
        2.8608927726745605
      ],
      [
        3.9038681983947754,
        3.685056209564209,
        2.93015718460083,
        3.343374729156494,
        5.173956394195557,
        4.039279460906982,
        3.208247423171997,
        4.715306282043457
      ],
      [
        4.83545446395874,
        4.92266321182251,
        4.586009979248047,
        4.044946670532227,
        4.623892784118652,
        4.614475250244141,
        4.870082855224609,
        4.744406700134277
      ],
      [
        4.365408897399902,
        4.028872489929199,
        4.904634952545166,
        4.812828063964844,
        5.066755771636963,
        4.927424907684326,
        4.981327533721924,
        5.262188911437988
      ],
      [
        4.565669059753418,
        4.870821952819824,
        5.214670181274414,
        5.040900230407715,
        4.835279941558838,
        4.874565124511719,
        4.185024261474609,
        4.402741432189941
      ],
      [
        4.366389274597168,
        3.969670057296753,
        4.539640426635742,
        3.934422016143799,
        4.00583553314209,
        4.217534065246582,
        4.473862648010254,
        3.884296417236328
      ],
      [
        3.7950382232666016,
        3.485161542892456,
        3.625485897064209,
        3.9062893390655518,
        3.958221435546875,
        3.9964587688446045,
        3.976775646209717,
        4.389046669006348
      ]
    ],
    "within_ratio": [
      [
        0.5186765193939209,
        0.6180955767631531,
        0.5308736562728882,
        0.5639271140098572,
        0.493988037109375,
        0.5392268300056458,
        0.4882882237434387,
        0.48498430848121643
      ],
      [
        0.5665109753608704,
        0.3185487389564514,
        0.8956840634346008,
        0.3146350383758545,
        0.8797217607498169,
        0.7169272899627686,
        0.9355192184448242,
        0.9717866778373718
      ],
      [
        0.8443544507026672,
        0.8905127644538879,
        0.9335695505142212,
        0.8820374608039856,
        0.44816941022872925,
        0.4774394929409027,
        0.8960355520248413,
        0.4400120675563812
      ],
      [
        0.3452475666999817,
        0.692488431930542,
        0.7326188683509827,
        0.8865106701850891,
        0.7818906903266907,
        0.5855572819709778,
        0.44690313935279846,
        0.5754911303520203
      ],
      [
        0.8210797309875488,
        0.8939239382743835,
        0.6538206338882446,
        0.6179965734481812,
        0.5441241264343262,
        0.7058507204055786,
        0.6624842882156372,
        0.519167959690094
      ],
      [
        0.8339622616767883,
        0.6456642150878906,
        0.5247489213943481,
        0.44112688302993774,
        0.7468670010566711,
        0.7359826564788818,
        0.8460586667060852,
        0.855871319770813
      ],
      [
        0.6721383333206177,
        0.8802375793457031,
        0.5551186800003052,
        0.8536472320556641,
        0.8563335537910461,
        0.8173519968986511,
        0.6150484085083008,
        0.8805471658706665
      ],
      [
        0.8048830032348633,
        0.9334808588027954,
        0.8835189938545227,
        0.8167392611503601,
        0.8139469027519226,
        0.7459924817085266,
        0.7463674545288086,
        0.5373009443283081
      ]
    ],
    "cross_ratio": [
      [
        0.4813235402107239,
        0.38190436363220215,
        0.46912631392478943,
        0.4360729157924652,
        0.506011962890625,
        0.46077316999435425,
        0.5117117762565613,
        0.515015721321106
      ],
      [
        0.43348902463912964,
        0.6814512014389038,
        0.10431592166423798,
        0.6853650212287903,
        0.1202782616019249,
        0.28307268023490906,
        0.06448076665401459,
        0.028213325887918472
      ],
      [
        0.15564557909965515,
        0.10948725044727325,
        0.06643040478229523,
        0.1179625391960144,
        0.5518305897712708,
        0.5225604772567749,
        0.1039644330739975,
        0.5599879026412964
      ],
      [
        0.6547523736953735,
        0.307511568069458,
        0.26738113164901733,
        0.1134892925620079,
        0.2181093394756317,
        0.41444268822669983,
        0.5530968904495239,
        0.42450886964797974
      ],
      [
        0.17892034351825714,
        0.10607602447271347,
        0.3461793065071106,
        0.38200339674949646,
        0.45587587356567383,
        0.294149249792099,
        0.337515652179718,
        0.4808320105075836
      ],
      [
        0.1660376936197281,
        0.3543357849121094,
        0.47525104880332947,
        0.5588731169700623,
        0.253133088350296,
        0.2640173137187958,
        0.15394142270088196,
        0.14412865042686462
      ],
      [
        0.3278617262840271,
        0.11976232379674911,
        0.4448813498020172,
        0.14635273814201355,
        0.14366646111011505,
        0.18264798820018768,
        0.384951651096344,
        0.1194528117775917
      ],
      [
        0.19511695206165314,
        0.06651916354894638,
        0.11648104339838028,
        0.1832607239484787,
        0.1860530972480774,
        0.25400757789611816,
        0.2536325454711914,
        0.4626990258693695
      ]
    ],