{
  "name": "gqa_topic_ordered_rope",
  "train": {
    "final_val_loss": 8.013482007980347,
    "best_val_loss": 8.014194431304931,
    "total_time": 6967.064782381058,
    "output_dir": "results/gqa_topic_ordered_rope"
  },
  "analysis": {
    "entropy": [
      [
        5.4020209312438965,
        5.417537689208984,
        5.337066650390625,
        5.405989170074463,
        5.241698741912842,
        5.41654109954834,
        5.218981742858887,
        4.987351417541504
      ],
      [
        4.140832424163818,
        4.240534782409668,
        4.9191107749938965,
        4.630484580993652,
        3.4567768573760986,
        3.523902177810669,
        4.482255935668945,
        4.258993625640869
      ],
      [
        4.669390678405762,
        4.558182716369629,
        3.4961459636688232,
        4.0029191970825195,
        3.605644941329956,
        3.862342357635498,
        3.5704047679901123,
        3.3698787689208984
      ],
      [
        4.03683614730835,
        4.286266326904297,
        4.866338729858398,
        4.709653377532959,
        5.192831993103027,
        5.245745658874512,
        4.547738075256348,
        4.643963813781738
      ],
      [
        5.219244480133057,
        5.138987064361572,
        5.396201133728027,
        5.38371467590332,
        5.0291056632995605,
        5.049806118011475,
        4.608477592468262,
        4.462281227111816
      ],
      [
        4.68337345123291,
        4.458501815795898,
        4.796633720397949,
        4.701813697814941,
        4.894566535949707,
        4.846813201904297,
        3.8723044395446777,
        4.152606010437012
      ],
      [
        4.125819206237793,
        4.0683817863464355,
        3.5959115028381348,
        3.736143112182617,
        3.586643934249878,
        3.4413726329803467,
        4.515096187591553,
        4.721451759338379
      ],
      [
        3.904399871826172,
        3.776106357574463,
        4.127205848693848,
        4.072545051574707,
        3.8610854148864746,
        3.6013901233673096,
        3.208677291870117,
        3.298427104949951
      ]
    ],
    "within_ratio": [
      [
        0.5085856318473816,
        0.489199161529541,
        0.5162963271141052,
        0.49764662981033325,
        0.5610421299934387,
        0.4848173260688782,
        0.5230544209480286,
        0.5892965793609619
      ],
      [
        0.9102424383163452,
        0.8927114605903625,
        0.27511435747146606,
        0.4188865125179291,
        0.9563816785812378,
        0.95892333984375,
        0.678480863571167,
        0.9013274908065796
      ],
      [
        0.36185985803604126,
        0.26649361848831177,
        0.8838995099067688,
        0.78387850522995,
        0.7939043045043945,
        0.7939139604568481,
        0.8949087858200073,
        0.838923454284668
      ],
      [
        0.8470456004142761,
        0.844896674156189,
        0.48552608489990234,
        0.48516201972961426,
        0.35469937324523926,
        0.5401344299316406,
        0.8301299810409546,
        0.7533247470855713
      ],
      [
        0.5251034498214722,
        0.531985878944397,
        0.4973064064979553,
        0.4781966209411621,
        0.7590250968933105,
        0.6988219022750854,
        0.8357008099555969,
        0.8602522015571594
      ],
      [
        0.7983313798904419,
        0.8182450532913208,
        0.6600027084350586,
        0.7455885410308838,
        0.6365849375724792,
        0.7587705850601196,
        0.8945863842964172,
        0.8732154965400696
      ],
      [
        0.8173519968986511,
        0.7450743913650513,
        0.9095664024353027,
        0.9064123034477234,
        0.9273581504821777,
        0.9262062311172485,
        0.6150162816047668,
        0.4809977412223816
      ],
      [
        0.769727349281311,
        0.856724739074707,
        0.7454320192337036,
        0.8095993995666504,
        0.8505696058273315,
        0.8663066625595093,
        0.9466079473495483,
        0.9439367055892944
      ]
    ],
    "cross_ratio": [
      [
        0.4914143979549408,
        0.5108007788658142,
        0.4837036728858948,
        0.5023533701896667,
        0.43895792961120605,
        0.515182614326477,
        0.47694557905197144,
        0.4107034206390381
      ],
      [
        0.0897575318813324,
        0.10728851705789566,
        0.7248855829238892,
        0.5811134576797485,
        0.0436183400452137,
        0.04107663780450821,
        0.321519136428833,
        0.09867255389690399
      ],
      [
        0.638140082359314,
        0.7335063219070435,
        0.11610047519207001,
        0.21612147986888885,
        0.20609574019908905,
        0.20608606934547424,
        0.10509111732244492,
        0.16107647120952606
      ],
      [
        0.1529543548822403,
        0.15510329604148865,
        0.5144738554954529,
        0.5148379802703857,
        0.6453006267547607,
        0.4598655700683594,
        0.16986998915672302,
        0.24667520821094513
      ],
      [
        0.4748965799808502,
        0.46801409125328064,
        0.5026935338973999,
        0.5218033790588379,
        0.24097493290901184,
        0.3011780381202698,
        0.1642991006374359,
        0.13974785804748535
      ],
      [
        0.20166859030723572,
        0.1817549169063568,
        0.3399972915649414,
        0.2544114589691162,
        0.36341506242752075,
        0.24122938513755798,
        0.10541367530822754,
        0.12678447365760803
      ],
      [
        0.18264803290367126,
        0.25492560863494873,
        0.09043359756469727,
        0.09358765929937363,
        0.0726417750120163,
        0.07379382848739624,
        0.38498374819755554,
        0.5190021991729736
      ],
      [
        0.23027262091636658,
        0.14327523112297058,
        0.25456804037094116,
        0.1904006153345108,
        0.14943036437034607,
        0.13369326293468475,
        0.053391970694065094,
        0.056063245981931686
      ]
    ],